club,seed,ai_pts,ai_pos,ai_morale,user_pts,user_pos,user_morale,games
egy-zamalek,7,67,3,82,89,1,91,34
egy-zamalek,8,79,3,86,79,1,89,34
egy-zamalek,9,72,3,86,82,1,89,34
egy-zamalek,10,75,1,82,85,1,90,34
eg1_haras,7,37,12,46,46,7,62,34
eg1_haras,8,26,17,39,42,12,62,34
eg1_haras,9,38,14,52,20,17,49,34
eg1_haras,10,26,17,36,58,5,72,34
eng-ipswich,7,43,13,42,41,14,56,38
eng-ipswich,8,19,19,25,24,17,41,38
eng-ipswich,9,22,19,27,52,11,64,38
eng-ipswich,10,24,20,22,31,17,43,38
eng-man-city,7,79,3,73,92,2,87,38
eng-man-city,8,72,6,77,99,1,90,38
eng-man-city,9,75,4,78,88,2,88,38
eng-man-city,10,98,1,90,92,1,90,38
ksa_hazem,7,14,18,17,46,9,63,34
ksa_hazem,8,28,15,33,39,12,61,34
ksa_hazem,9,21,17,26,54,10,68,34
ksa_hazem,10,23,17,33,38,10,58,34
esp-getafe,7,56,7,60,56,8,68,38
esp-getafe,8,33,17,41,58,8,68,38
esp-getafe,9,44,13,48,51,10,61,38
esp-getafe,10,26,19,33,54,10,63,38
